{"../thesisclass.cls": 1664367042.2241364, "../Bib.bib": 1664367042.2241364, "../unilogo.png": 1664367042.2241364, "../compiler.py": 1664367042.2241364, "../Title-Page.tex": 1664367042.2241364, "../ThesisHelp.py": 1664367042.2241364, "../Appendix.tex": 1664367042.2241364, "../.sync": 1664367044.3882318, "../.gitignore": 1664367044.484236, "../Prologue.tex": 1664367042.2241364, "../Epilogue.tex": 1664367042.2241364, "../TexInput.txt": 1664367042.2241364, "../initials.txt": 1664367042.2241364, "../Reset.py": 1664367042.2241364, "../.idea": 1664367042.2241364, "../MainEnd.txt": 1664367042.2241364, "../__pycache__": 1664367042.2241364, "../.git": 1664367055.844736, "../README.md": 1664367042.2241364, "../0-0-Parts.txt": 1664367042.2241364, "../grouplogo.png": 1664367042.2241364, "../MainBegin.txt": 1664367042.2241364, "../setup.py": 1664367042.2241364}