{"../thesisclass.cls": 1664368934.64205, "../Bib.bib": 1664368934.63805, "../unilogo.png": 1664368934.64205, "../compiler.py": 1664368934.64205, "../Title-Page.tex": 1664368934.63805, "../ThesisHelp.py": 1664368934.63805, "../Appendix.tex": 1664368934.63805, "../.sync": 1664368935.5060556, "../.gitignore": 1664368934.63805, "../Prologue.tex": 1664368934.63805, "../Epilogue.tex": 1664368934.63805, "../TexInput.txt": 1664368934.63805, "../initials.txt": 1664368934.64205, "../Reset.py": 1664368934.63805, "../.idea": 1664368934.63805, "../MainEnd.txt": 1664368934.63805, "../__pycache__": 1664368934.63805, "../.git": 1664368941.6540954, "../README.md": 1664368934.63805, "../0-0-Parts.txt": 1664368934.63805, "../grouplogo.png": 1664368934.64205, "../MainBegin.txt": 1664368934.63805, "../setup.py": 1664368934.64205}